candidate_index,symbol,family,signal,objective_score,total_return_pct,cagr_pct,monthly_mean_return_pct,max_drawdown_pct,sharpe,trade_count,params_json
4960,SPY,bull_put_credit_spread,bull_mean_reversion,34.5625,181.77,18.04,1.42,-10.27,2.501,176,"{""bull_rsi_threshold"": 40.0, ""candidate_index"": 4960, ""entry_slippage_pct"": 0.03, ""exit_dte"": 1, ""exit_slippage_pct"": 0.03, ""family"": ""bull_put_credit_spread"", ""initial_capital"": 100000.0, ""iv_multiplier"": 1.3, ""max_iv"": 0.45, ""max_rv"": 0.45, ""min_iv"": 0.25, ""min_rv"": 0.0, ""option_dte"": 7, ""per_contract_fee"": 1.0, ""put_long_pct"": 0.94, ""put_short_pct"": 0.98, ""risk_fraction"": 0.15, ""risk_free_rate"": 0.04, ""rsi_window"": 3, ""signal"": ""bull_mean_reversion"", ""stop_loss"": 0.45, ""symbol"": ""SPY"", ""take_profit"": 0.2}"
4961,SPY,bull_put_credit_spread,bull_mean_reversion,34.5625,181.77,18.04,1.42,-10.27,2.501,176,"{""bull_rsi_threshold"": 40.0, ""candidate_index"": 4961, ""entry_slippage_pct"": 0.03, ""exit_dte"": 1, ""exit_slippage_pct"": 0.03, ""family"": ""bull_put_credit_spread"", ""initial_capital"": 100000.0, ""iv_multiplier"": 1.3, ""max_iv"": 0.45, ""max_rv"": 0.45, ""min_iv"": 0.25, ""min_rv"": 0.0, ""option_dte"": 7, ""per_contract_fee"": 1.0, ""put_long_pct"": 0.94, ""put_short_pct"": 0.98, ""risk_fraction"": 0.15, ""risk_free_rate"": 0.04, ""rsi_window"": 3, ""signal"": ""bull_mean_reversion"", ""stop_loss"": 0.6, ""symbol"": ""SPY"", ""take_profit"": 0.2}"
4980,SPY,bull_put_credit_spread,bull_mean_reversion,34.5625,181.77,18.04,1.42,-10.27,2.501,176,"{""bull_rsi_threshold"": 40.0, ""candidate_index"": 4980, ""entry_slippage_pct"": 0.03, ""exit_dte"": 1, ""exit_slippage_pct"": 0.03, ""family"": ""bull_put_credit_spread"", ""initial_capital"": 100000.0, ""iv_multiplier"": 1.3, ""max_iv"": 0.45, ""max_rv"": 0.6, ""min_iv"": 0.25, ""min_rv"": 0.0, ""option_dte"": 7, ""per_contract_fee"": 1.0, ""put_long_pct"": 0.94, ""put_short_pct"": 0.98, ""risk_fraction"": 0.15, ""risk_free_rate"": 0.04, ""rsi_window"": 3, ""signal"": ""bull_mean_reversion"", ""stop_loss"": 0.45, ""symbol"": ""SPY"", ""take_profit"": 0.2}"
4981,SPY,bull_put_credit_spread,bull_mean_reversion,34.5625,181.77,18.04,1.42,-10.27,2.501,176,"{""bull_rsi_threshold"": 40.0, ""candidate_index"": 4981, ""entry_slippage_pct"": 0.03, ""exit_dte"": 1, ""exit_slippage_pct"": 0.03, ""family"": ""bull_put_credit_spread"", ""initial_capital"": 100000.0, ""iv_multiplier"": 1.3, ""max_iv"": 0.45, ""max_rv"": 0.6, ""min_iv"": 0.25, ""min_rv"": 0.0, ""option_dte"": 7, ""per_contract_fee"": 1.0, ""put_long_pct"": 0.94, ""put_short_pct"": 0.98, ""risk_fraction"": 0.15, ""risk_free_rate"": 0.04, ""rsi_window"": 3, ""signal"": ""bull_mean_reversion"", ""stop_loss"": 0.6, ""symbol"": ""SPY"", ""take_profit"": 0.2}"
5440,SPY,bull_put_credit_spread,bull_mean_reversion,34.5625,181.77,18.04,1.42,-10.27,2.501,176,"{""bull_rsi_threshold"": 40.0, ""candidate_index"": 5440, ""entry_slippage_pct"": 0.03, ""exit_dte"": 1, ""exit_slippage_pct"": 0.03, ""family"": ""bull_put_credit_spread"", ""initial_capital"": 100000.0, ""iv_multiplier"": 1.3, ""max_iv"": 0.7, ""max_rv"": 0.45, ""min_iv"": 0.25, ""min_rv"": 0.0, ""option_dte"": 7, ""per_contract_fee"": 1.0, ""put_long_pct"": 0.94, ""put_short_pct"": 0.98, ""risk_fraction"": 0.15, ""risk_free_rate"": 0.04, ""rsi_window"": 3, ""signal"": ""bull_mean_reversion"", ""stop_loss"": 0.45, ""symbol"": ""SPY"", ""take_profit"": 0.2}"
5441,SPY,bull_put_credit_spread,bull_mean_reversion,34.5625,181.77,18.04,1.42,-10.27,2.501,176,"{""bull_rsi_threshold"": 40.0, ""candidate_index"": 5441, ""entry_slippage_pct"": 0.03, ""exit_dte"": 1, ""exit_slippage_pct"": 0.03, ""family"": ""bull_put_credit_spread"", ""initial_capital"": 100000.0, ""iv_multiplier"": 1.3, ""max_iv"": 0.7, ""max_rv"": 0.45, ""min_iv"": 0.25, ""min_rv"": 0.0, ""option_dte"": 7, ""per_contract_fee"": 1.0, ""put_long_pct"": 0.94, ""put_short_pct"": 0.98, ""risk_fraction"": 0.15, ""risk_free_rate"": 0.04, ""rsi_window"": 3, ""signal"": ""bull_mean_reversion"", ""stop_loss"": 0.6, ""symbol"": ""SPY"", ""take_profit"": 0.2}"
5460,SPY,bull_put_credit_spread,bull_mean_reversion,34.5625,181.77,18.04,1.42,-10.27,2.501,176,"{""bull_rsi_threshold"": 40.0, ""candidate_index"": 5460, ""entry_slippage_pct"": 0.03, ""exit_dte"": 1, ""exit_slippage_pct"": 0.03, ""family"": ""bull_put_credit_spread"", ""initial_capital"": 100000.0, ""iv_multiplier"": 1.3, ""max_iv"": 0.7, ""max_rv"": 0.6, ""min_iv"": 0.25, ""min_rv"": 0.0, ""option_dte"": 7, ""per_contract_fee"": 1.0, ""put_long_pct"": 0.94, ""put_short_pct"": 0.98, ""risk_fraction"": 0.15, ""risk_free_rate"": 0.04, ""rsi_window"": 3, ""signal"": ""bull_mean_reversion"", ""stop_loss"": 0.45, ""symbol"": ""SPY"", ""take_profit"": 0.2}"
5461,SPY,bull_put_credit_spread,bull_mean_reversion,34.5625,181.77,18.04,1.42,-10.27,2.501,176,"{""bull_rsi_threshold"": 40.0, ""candidate_index"": 5461, ""entry_slippage_pct"": 0.03, ""exit_dte"": 1, ""exit_slippage_pct"": 0.03, ""family"": ""bull_put_credit_spread"", ""initial_capital"": 100000.0, ""iv_multiplier"": 1.3, ""max_iv"": 0.7, ""max_rv"": 0.6, ""min_iv"": 0.25, ""min_rv"": 0.0, ""option_dte"": 7, ""per_contract_fee"": 1.0, ""put_long_pct"": 0.94, ""put_short_pct"": 0.98, ""risk_fraction"": 0.15, ""risk_free_rate"": 0.04, ""rsi_window"": 3, ""signal"": ""bull_mean_reversion"", ""stop_loss"": 0.6, ""symbol"": ""SPY"", ""take_profit"": 0.2}"
1120,SPY,bull_put_credit_spread,bull_mean_reversion,34.314,179.12,17.86,1.41,-10.12,2.485,176,"{""bull_rsi_threshold"": 40.0, ""candidate_index"": 1120, ""entry_slippage_pct"": 0.03, ""exit_dte"": 1, ""exit_slippage_pct"": 0.03, ""family"": ""bull_put_credit_spread"", ""initial_capital"": 100000.0, ""iv_multiplier"": 1.0, ""max_iv"": 0.45, ""max_rv"": 0.45, ""min_iv"": 0.25, ""min_rv"": 0.0, ""option_dte"": 7, ""per_contract_fee"": 1.0, ""put_long_pct"": 0.94, ""put_short_pct"": 0.98, ""risk_fraction"": 0.15, ""risk_free_rate"": 0.04, ""rsi_window"": 3, ""signal"": ""bull_mean_reversion"", ""stop_loss"": 0.45, ""symbol"": ""SPY"", ""take_profit"": 0.2}"
1121,SPY,bull_put_credit_spread,bull_mean_reversion,34.314,179.12,17.86,1.41,-10.12,2.485,176,"{""bull_rsi_threshold"": 40.0, ""candidate_index"": 1121, ""entry_slippage_pct"": 0.03, ""exit_dte"": 1, ""exit_slippage_pct"": 0.03, ""family"": ""bull_put_credit_spread"", ""initial_capital"": 100000.0, ""iv_multiplier"": 1.0, ""max_iv"": 0.45, ""max_rv"": 0.45, ""min_iv"": 0.25, ""min_rv"": 0.0, ""option_dte"": 7, ""per_contract_fee"": 1.0, ""put_long_pct"": 0.94, ""put_short_pct"": 0.98, ""risk_fraction"": 0.15, ""risk_free_rate"": 0.04, ""rsi_window"": 3, ""signal"": ""bull_mean_reversion"", ""stop_loss"": 0.6, ""symbol"": ""SPY"", ""take_profit"": 0.2}"
1140,SPY,bull_put_credit_spread,bull_mean_reversion,34.314,179.12,17.86,1.41,-10.12,2.485,176,"{""bull_rsi_threshold"": 40.0, ""candidate_index"": 1140, ""entry_slippage_pct"": 0.03, ""exit_dte"": 1, ""exit_slippage_pct"": 0.03, ""family"": ""bull_put_credit_spread"", ""initial_capital"": 100000.0, ""iv_multiplier"": 1.0, ""max_iv"": 0.45, ""max_rv"": 0.6, ""min_iv"": 0.25, ""min_rv"": 0.0, ""option_dte"": 7, ""per_contract_fee"": 1.0, ""put_long_pct"": 0.94, ""put_short_pct"": 0.98, ""risk_fraction"": 0.15, ""risk_free_rate"": 0.04, ""rsi_window"": 3, ""signal"": ""bull_mean_reversion"", ""stop_loss"": 0.45, ""symbol"": ""SPY"", ""take_profit"": 0.2}"
1141,SPY,bull_put_credit_spread,bull_mean_reversion,34.314,179.12,17.86,1.41,-10.12,2.485,176,"{""bull_rsi_threshold"": 40.0, ""candidate_index"": 1141, ""entry_slippage_pct"": 0.03, ""exit_dte"": 1, ""exit_slippage_pct"": 0.03, ""family"": ""bull_put_credit_spread"", ""initial_capital"": 100000.0, ""iv_multiplier"": 1.0, ""max_iv"": 0.45, ""max_rv"": 0.6, ""min_iv"": 0.25, ""min_rv"": 0.0, ""option_dte"": 7, ""per_contract_fee"": 1.0, ""put_long_pct"": 0.94, ""put_short_pct"": 0.98, ""risk_fraction"": 0.15, ""risk_free_rate"": 0.04, ""rsi_window"": 3, ""signal"": ""bull_mean_reversion"", ""stop_loss"": 0.6, ""symbol"": ""SPY"", ""take_profit"": 0.2}"
1600,SPY,bull_put_credit_spread,bull_mean_reversion,34.314,179.12,17.86,1.41,-10.12,2.485,176,"{""bull_rsi_threshold"": 40.0, ""candidate_index"": 1600, ""entry_slippage_pct"": 0.03, ""exit_dte"": 1, ""exit_slippage_pct"": 0.03, ""family"": ""bull_put_credit_spread"", ""initial_capital"": 100000.0, ""iv_multiplier"": 1.0, ""max_iv"": 0.7, ""max_rv"": 0.45, ""min_iv"": 0.25, ""min_rv"": 0.0, ""option_dte"": 7, ""per_contract_fee"": 1.0, ""put_long_pct"": 0.94, ""put_short_pct"": 0.98, ""risk_fraction"": 0.15, ""risk_free_rate"": 0.04, ""rsi_window"": 3, ""signal"": ""bull_mean_reversion"", ""stop_loss"": 0.45, ""symbol"": ""SPY"", ""take_profit"": 0.2}"
1601,SPY,bull_put_credit_spread,bull_mean_reversion,34.314,179.12,17.86,1.41,-10.12,2.485,176,"{""bull_rsi_threshold"": 40.0, ""candidate_index"": 1601, ""entry_slippage_pct"": 0.03, ""exit_dte"": 1, ""exit_slippage_pct"": 0.03, ""family"": ""bull_put_credit_spread"", ""initial_capital"": 100000.0, ""iv_multiplier"": 1.0, ""max_iv"": 0.7, ""max_rv"": 0.45, ""min_iv"": 0.25, ""min_rv"": 0.0, ""option_dte"": 7, ""per_contract_fee"": 1.0, ""put_long_pct"": 0.94, ""put_short_pct"": 0.98, ""risk_fraction"": 0.15, ""risk_free_rate"": 0.04, ""rsi_window"": 3, ""signal"": ""bull_mean_reversion"", ""stop_loss"": 0.6, ""symbol"": ""SPY"", ""take_profit"": 0.2}"
1620,SPY,bull_put_credit_spread,bull_mean_reversion,34.314,179.12,17.86,1.41,-10.12,2.485,176,"{""bull_rsi_threshold"": 40.0, ""candidate_index"": 1620, ""entry_slippage_pct"": 0.03, ""exit_dte"": 1, ""exit_slippage_pct"": 0.03, ""family"": ""bull_put_credit_spread"", ""initial_capital"": 100000.0, ""iv_multiplier"": 1.0, ""max_iv"": 0.7, ""max_rv"": 0.6, ""min_iv"": 0.25, ""min_rv"": 0.0, ""option_dte"": 7, ""per_contract_fee"": 1.0, ""put_long_pct"": 0.94, ""put_short_pct"": 0.98, ""risk_fraction"": 0.15, ""risk_free_rate"": 0.04, ""rsi_window"": 3, ""signal"": ""bull_mean_reversion"", ""stop_loss"": 0.45, ""symbol"": ""SPY"", ""take_profit"": 0.2}"
1621,SPY,bull_put_credit_spread,bull_mean_reversion,34.314,179.12,17.86,1.41,-10.12,2.485,176,"{""bull_rsi_threshold"": 40.0, ""candidate_index"": 1621, ""entry_slippage_pct"": 0.03, ""exit_dte"": 1, ""exit_slippage_pct"": 0.03, ""family"": ""bull_put_credit_spread"", ""initial_capital"": 100000.0, ""iv_multiplier"": 1.0, ""max_iv"": 0.7, ""max_rv"": 0.6, ""min_iv"": 0.25, ""min_rv"": 0.0, ""option_dte"": 7, ""per_contract_fee"": 1.0, ""put_long_pct"": 0.94, ""put_short_pct"": 0.98, ""risk_fraction"": 0.15, ""risk_free_rate"": 0.04, ""rsi_window"": 3, ""signal"": ""bull_mean_reversion"", ""stop_loss"": 0.6, ""symbol"": ""SPY"", ""take_profit"": 0.2}"
3040,SPY,bull_put_credit_spread,bull_mean_reversion,34.273,179.03,17.86,1.41,-10.14,2.481,176,"{""bull_rsi_threshold"": 40.0, ""candidate_index"": 3040, ""entry_slippage_pct"": 0.03, ""exit_dte"": 1, ""exit_slippage_pct"": 0.03, ""family"": ""bull_put_credit_spread"", ""initial_capital"": 100000.0, ""iv_multiplier"": 1.15, ""max_iv"": 0.45, ""max_rv"": 0.45, ""min_iv"": 0.25, ""min_rv"": 0.0, ""option_dte"": 7, ""per_contract_fee"": 1.0, ""put_long_pct"": 0.94, ""put_short_pct"": 0.98, ""risk_fraction"": 0.15, ""risk_free_rate"": 0.04, ""rsi_window"": 3, ""signal"": ""bull_mean_reversion"", ""stop_loss"": 0.45, ""symbol"": ""SPY"", ""take_profit"": 0.2}"
3041,SPY,bull_put_credit_spread,bull_mean_reversion,34.273,179.03,17.86,1.41,-10.14,2.481,176,"{""bull_rsi_threshold"": 40.0, ""candidate_index"": 3041, ""entry_slippage_pct"": 0.03, ""exit_dte"": 1, ""exit_slippage_pct"": 0.03, ""family"": ""bull_put_credit_spread"", ""initial_capital"": 100000.0, ""iv_multiplier"": 1.15, ""max_iv"": 0.45, ""max_rv"": 0.45, ""min_iv"": 0.25, ""min_rv"": 0.0, ""option_dte"": 7, ""per_contract_fee"": 1.0, ""put_long_pct"": 0.94, ""put_short_pct"": 0.98, ""risk_fraction"": 0.15, ""risk_free_rate"": 0.04, ""rsi_window"": 3, ""signal"": ""bull_mean_reversion"", ""stop_loss"": 0.6, ""symbol"": ""SPY"", ""take_profit"": 0.2}"
3060,SPY,bull_put_credit_spread,bull_mean_reversion,34.273,179.03,17.86,1.41,-10.14,2.481,176,"{""bull_rsi_threshold"": 40.0, ""candidate_index"": 3060, ""entry_slippage_pct"": 0.03, ""exit_dte"": 1, ""exit_slippage_pct"": 0.03, ""family"": ""bull_put_credit_spread"", ""initial_capital"": 100000.0, ""iv_multiplier"": 1.15, ""max_iv"": 0.45, ""max_rv"": 0.6, ""min_iv"": 0.25, ""min_rv"": 0.0, ""option_dte"": 7, ""per_contract_fee"": 1.0, ""put_long_pct"": 0.94, ""put_short_pct"": 0.98, ""risk_fraction"": 0.15, ""risk_free_rate"": 0.04, ""rsi_window"": 3, ""signal"": ""bull_mean_reversion"", ""stop_loss"": 0.45, ""symbol"": ""SPY"", ""take_profit"": 0.2}"
3061,SPY,bull_put_credit_spread,bull_mean_reversion,34.273,179.03,17.86,1.41,-10.14,2.481,176,"{""bull_rsi_threshold"": 40.0, ""candidate_index"": 3061, ""entry_slippage_pct"": 0.03, ""exit_dte"": 1, ""exit_slippage_pct"": 0.03, ""family"": ""bull_put_credit_spread"", ""initial_capital"": 100000.0, ""iv_multiplier"": 1.15, ""max_iv"": 0.45, ""max_rv"": 0.6, ""min_iv"": 0.25, ""min_rv"": 0.0, ""option_dte"": 7, ""per_contract_fee"": 1.0, ""put_long_pct"": 0.94, ""put_short_pct"": 0.98, ""risk_fraction"": 0.15, ""risk_free_rate"": 0.04, ""rsi_window"": 3, ""signal"": ""bull_mean_reversion"", ""stop_loss"": 0.6, ""symbol"": ""SPY"", ""take_profit"": 0.2}"
3520,SPY,bull_put_credit_spread,bull_mean_reversion,34.273,179.03,17.86,1.41,-10.14,2.481,176,"{""bull_rsi_threshold"": 40.0, ""candidate_index"": 3520, ""entry_slippage_pct"": 0.03, ""exit_dte"": 1, ""exit_slippage_pct"": 0.03, ""family"": ""bull_put_credit_spread"", ""initial_capital"": 100000.0, ""iv_multiplier"": 1.15, ""max_iv"": 0.7, ""max_rv"": 0.45, ""min_iv"": 0.25, ""min_rv"": 0.0, ""option_dte"": 7, ""per_contract_fee"": 1.0, ""put_long_pct"": 0.94, ""put_short_pct"": 0.98, ""risk_fraction"": 0.15, ""risk_free_rate"": 0.04, ""rsi_window"": 3, ""signal"": ""bull_mean_reversion"", ""stop_loss"": 0.45, ""symbol"": ""SPY"", ""take_profit"": 0.2}"
3521,SPY,bull_put_credit_spread,bull_mean_reversion,34.273,179.03,17.86,1.41,-10.14,2.481,176,"{""bull_rsi_threshold"": 40.0, ""candidate_index"": 3521, ""entry_slippage_pct"": 0.03, ""exit_dte"": 1, ""exit_slippage_pct"": 0.03, ""family"": ""bull_put_credit_spread"", ""initial_capital"": 100000.0, ""iv_multiplier"": 1.15, ""max_iv"": 0.7, ""max_rv"": 0.45, ""min_iv"": 0.25, ""min_rv"": 0.0, ""option_dte"": 7, ""per_contract_fee"": 1.0, ""put_long_pct"": 0.94, ""put_short_pct"": 0.98, ""risk_fraction"": 0.15, ""risk_free_rate"": 0.04, ""rsi_window"": 3, ""signal"": ""bull_mean_reversion"", ""stop_loss"": 0.6, ""symbol"": ""SPY"", ""take_profit"": 0.2}"
3540,SPY,bull_put_credit_spread,bull_mean_reversion,34.273,179.03,17.86,1.41,-10.14,2.481,176,"{""bull_rsi_threshold"": 40.0, ""candidate_index"": 3540, ""entry_slippage_pct"": 0.03, ""exit_dte"": 1, ""exit_slippage_pct"": 0.03, ""family"": ""bull_put_credit_spread"", ""initial_capital"": 100000.0, ""iv_multiplier"": 1.15, ""max_iv"": 0.7, ""max_rv"": 0.6, ""min_iv"": 0.25, ""min_rv"": 0.0, ""option_dte"": 7, ""per_contract_fee"": 1.0, ""put_long_pct"": 0.94, ""put_short_pct"": 0.98, ""risk_fraction"": 0.15, ""risk_free_rate"": 0.04, ""rsi_window"": 3, ""signal"": ""bull_mean_reversion"", ""stop_loss"": 0.45, ""symbol"": ""SPY"", ""take_profit"": 0.2}"
3541,SPY,bull_put_credit_spread,bull_mean_reversion,34.273,179.03,17.86,1.41,-10.14,2.481,176,"{""bull_rsi_threshold"": 40.0, ""candidate_index"": 3541, ""entry_slippage_pct"": 0.03, ""exit_dte"": 1, ""exit_slippage_pct"": 0.03, ""family"": ""bull_put_credit_spread"", ""initial_capital"": 100000.0, ""iv_multiplier"": 1.15, ""max_iv"": 0.7, ""max_rv"": 0.6, ""min_iv"": 0.25, ""min_rv"": 0.0, ""option_dte"": 7, ""per_contract_fee"": 1.0, ""put_long_pct"": 0.94, ""put_short_pct"": 0.98, ""risk_fraction"": 0.15, ""risk_free_rate"": 0.04, ""rsi_window"": 3, ""signal"": ""bull_mean_reversion"", ""stop_loss"": 0.6, ""symbol"": ""SPY"", ""take_profit"": 0.2}"
6880,SPY,bull_put_credit_spread,bull_mean_reversion,31.4445,161.46,16.63,1.32,-10.35,2.302,182,"{""bull_rsi_threshold"": 40.0, ""candidate_index"": 6880, ""entry_slippage_pct"": 0.03, ""exit_dte"": 3, ""exit_slippage_pct"": 0.03, ""family"": ""bull_put_credit_spread"", ""initial_capital"": 100000.0, ""iv_multiplier"": 1.0, ""max_iv"": 0.45, ""max_rv"": 0.45, ""min_iv"": 0.25, ""min_rv"": 0.0, ""option_dte"": 7, ""per_contract_fee"": 1.0, ""put_long_pct"": 0.94, ""put_short_pct"": 0.98, ""risk_fraction"": 0.15, ""risk_free_rate"": 0.04, ""rsi_window"": 3, ""signal"": ""bull_mean_reversion"", ""stop_loss"": 0.45, ""symbol"": ""SPY"", ""take_profit"": 0.2}"
6881,SPY,bull_put_credit_spread,bull_mean_reversion,31.4445,161.46,16.63,1.32,-10.35,2.302,182,"{""bull_rsi_threshold"": 40.0, ""candidate_index"": 6881, ""entry_slippage_pct"": 0.03, ""exit_dte"": 3, ""exit_slippage_pct"": 0.03, ""family"": ""bull_put_credit_spread"", ""initial_capital"": 100000.0, ""iv_multiplier"": 1.0, ""max_iv"": 0.45, ""max_rv"": 0.45, ""min_iv"": 0.25, ""min_rv"": 0.0, ""option_dte"": 7, ""per_contract_fee"": 1.0, ""put_long_pct"": 0.94, ""put_short_pct"": 0.98, ""risk_fraction"": 0.15, ""risk_free_rate"": 0.04, ""rsi_window"": 3, ""signal"": ""bull_mean_reversion"", ""stop_loss"": 0.6, ""symbol"": ""SPY"", ""take_profit"": 0.2}"
6900,SPY,bull_put_credit_spread,bull_mean_reversion,31.4445,161.46,16.63,1.32,-10.35,2.302,182,"{""bull_rsi_threshold"": 40.0, ""candidate_index"": 6900, ""entry_slippage_pct"": 0.03, ""exit_dte"": 3, ""exit_slippage_pct"": 0.03, ""family"": ""bull_put_credit_spread"", ""initial_capital"": 100000.0, ""iv_multiplier"": 1.0, ""max_iv"": 0.45, ""max_rv"": 0.6, ""min_iv"": 0.25, ""min_rv"": 0.0, ""option_dte"": 7, ""per_contract_fee"": 1.0, ""put_long_pct"": 0.94, ""put_short_pct"": 0.98, ""risk_fraction"": 0.15, ""risk_free_rate"": 0.04, ""rsi_window"": 3, ""signal"": ""bull_mean_reversion"", ""stop_loss"": 0.45, ""symbol"": ""SPY"", ""take_profit"": 0.2}"
6901,SPY,bull_put_credit_spread,bull_mean_reversion,31.4445,161.46,16.63,1.32,-10.35,2.302,182,"{""bull_rsi_threshold"": 40.0, ""candidate_index"": 6901, ""entry_slippage_pct"": 0.03, ""exit_dte"": 3, ""exit_slippage_pct"": 0.03, ""family"": ""bull_put_credit_spread"", ""initial_capital"": 100000.0, ""iv_multiplier"": 1.0, ""max_iv"": 0.45, ""max_rv"": 0.6, ""min_iv"": 0.25, ""min_rv"": 0.0, ""option_dte"": 7, ""per_contract_fee"": 1.0, ""put_long_pct"": 0.94, ""put_short_pct"": 0.98, ""risk_fraction"": 0.15, ""risk_free_rate"": 0.04, ""rsi_window"": 3, ""signal"": ""bull_mean_reversion"", ""stop_loss"": 0.6, ""symbol"": ""SPY"", ""take_profit"": 0.2}"
7360,SPY,bull_put_credit_spread,bull_mean_reversion,31.4445,161.46,16.63,1.32,-10.35,2.302,182,"{""bull_rsi_threshold"": 40.0, ""candidate_index"": 7360, ""entry_slippage_pct"": 0.03, ""exit_dte"": 3, ""exit_slippage_pct"": 0.03, ""family"": ""bull_put_credit_spread"", ""initial_capital"": 100000.0, ""iv_multiplier"": 1.0, ""max_iv"": 0.7, ""max_rv"": 0.45, ""min_iv"": 0.25, ""min_rv"": 0.0, ""option_dte"": 7, ""per_contract_fee"": 1.0, ""put_long_pct"": 0.94, ""put_short_pct"": 0.98, ""risk_fraction"": 0.15, ""risk_free_rate"": 0.04, ""rsi_window"": 3, ""signal"": ""bull_mean_reversion"", ""stop_loss"": 0.45, ""symbol"": ""SPY"", ""take_profit"": 0.2}"
7361,SPY,bull_put_credit_spread,bull_mean_reversion,31.4445,161.46,16.63,1.32,-10.35,2.302,182,"{""bull_rsi_threshold"": 40.0, ""candidate_index"": 7361, ""entry_slippage_pct"": 0.03, ""exit_dte"": 3, ""exit_slippage_pct"": 0.03, ""family"": ""bull_put_credit_spread"", ""initial_capital"": 100000.0, ""iv_multiplier"": 1.0, ""max_iv"": 0.7, ""max_rv"": 0.45, ""min_iv"": 0.25, ""min_rv"": 0.0, ""option_dte"": 7, ""per_contract_fee"": 1.0, ""put_long_pct"": 0.94, ""put_short_pct"": 0.98, ""risk_fraction"": 0.15, ""risk_free_rate"": 0.04, ""rsi_window"": 3, ""signal"": ""bull_mean_reversion"", ""stop_loss"": 0.6, ""symbol"": ""SPY"", ""take_profit"": 0.2}"
7380,SPY,bull_put_credit_spread,bull_mean_reversion,31.4445,161.46,16.63,1.32,-10.35,2.302,182,"{""bull_rsi_threshold"": 40.0, ""candidate_index"": 7380, ""entry_slippage_pct"": 0.03, ""exit_dte"": 3, ""exit_slippage_pct"": 0.03, ""family"": ""bull_put_credit_spread"", ""initial_capital"": 100000.0, ""iv_multiplier"": 1.0, ""max_iv"": 0.7, ""max_rv"": 0.6, ""min_iv"": 0.25, ""min_rv"": 0.0, ""option_dte"": 7, ""per_contract_fee"": 1.0, ""put_long_pct"": 0.94, ""put_short_pct"": 0.98, ""risk_fraction"": 0.15, ""risk_free_rate"": 0.04, ""rsi_window"": 3, ""signal"": ""bull_mean_reversion"", ""stop_loss"": 0.45, ""symbol"": ""SPY"", ""take_profit"": 0.2}"
7381,SPY,bull_put_credit_spread,bull_mean_reversion,31.4445,161.46,16.63,1.32,-10.35,2.302,182,"{""bull_rsi_threshold"": 40.0, ""candidate_index"": 7381, ""entry_slippage_pct"": 0.03, ""exit_dte"": 3, ""exit_slippage_pct"": 0.03, ""family"": ""bull_put_credit_spread"", ""initial_capital"": 100000.0, ""iv_multiplier"": 1.0, ""max_iv"": 0.7, ""max_rv"": 0.6, ""min_iv"": 0.25, ""min_rv"": 0.0, ""option_dte"": 7, ""per_contract_fee"": 1.0, ""put_long_pct"": 0.94, ""put_short_pct"": 0.98, ""risk_fraction"": 0.15, ""risk_free_rate"": 0.04, ""rsi_window"": 3, ""signal"": ""bull_mean_reversion"", ""stop_loss"": 0.6, ""symbol"": ""SPY"", ""take_profit"": 0.2}"
4880,SPY,bull_put_credit_spread,bull_mean_reversion,31.6965,149.39,15.76,1.25,-8.07,2.321,161,"{""bull_rsi_threshold"": 35.0, ""candidate_index"": 4880, ""entry_slippage_pct"": 0.03, ""exit_dte"": 1, ""exit_slippage_pct"": 0.03, ""family"": ""bull_put_credit_spread"", ""initial_capital"": 100000.0, ""iv_multiplier"": 1.3, ""max_iv"": 0.45, ""max_rv"": 0.45, ""min_iv"": 0.25, ""min_rv"": 0.0, ""option_dte"": 7, ""per_contract_fee"": 1.0, ""put_long_pct"": 0.94, ""put_short_pct"": 0.98, ""risk_fraction"": 0.15, ""risk_free_rate"": 0.04, ""rsi_window"": 3, ""signal"": ""bull_mean_reversion"", ""stop_loss"": 0.45, ""symbol"": ""SPY"", ""take_profit"": 0.2}"
4881,SPY,bull_put_credit_spread,bull_mean_reversion,31.6965,149.39,15.76,1.25,-8.07,2.321,161,"{""bull_rsi_threshold"": 35.0, ""candidate_index"": 4881, ""entry_slippage_pct"": 0.03, ""exit_dte"": 1, ""exit_slippage_pct"": 0.03, ""family"": ""bull_put_credit_spread"", ""initial_capital"": 100000.0, ""iv_multiplier"": 1.3, ""max_iv"": 0.45, ""max_rv"": 0.45, ""min_iv"": 0.25, ""min_rv"": 0.0, ""option_dte"": 7, ""per_contract_fee"": 1.0, ""put_long_pct"": 0.94, ""put_short_pct"": 0.98, ""risk_fraction"": 0.15, ""risk_free_rate"": 0.04, ""rsi_window"": 3, ""signal"": ""bull_mean_reversion"", ""stop_loss"": 0.6, ""symbol"": ""SPY"", ""take_profit"": 0.2}"
4900,SPY,bull_put_credit_spread,bull_mean_reversion,31.6965,149.39,15.76,1.25,-8.07,2.321,161,"{""bull_rsi_threshold"": 35.0, ""candidate_index"": 4900, ""entry_slippage_pct"": 0.03, ""exit_dte"": 1, ""exit_slippage_pct"": 0.03, ""family"": ""bull_put_credit_spread"", ""initial_capital"": 100000.0, ""iv_multiplier"": 1.3, ""max_iv"": 0.45, ""max_rv"": 0.6, ""min_iv"": 0.25, ""min_rv"": 0.0, ""option_dte"": 7, ""per_contract_fee"": 1.0, ""put_long_pct"": 0.94, ""put_short_pct"": 0.98, ""risk_fraction"": 0.15, ""risk_free_rate"": 0.04, ""rsi_window"": 3, ""signal"": ""bull_mean_reversion"", ""stop_loss"": 0.45, ""symbol"": ""SPY"", ""take_profit"": 0.2}"
4901,SPY,bull_put_credit_spread,bull_mean_reversion,31.6965,149.39,15.76,1.25,-8.07,2.321,161,"{""bull_rsi_threshold"": 35.0, ""candidate_index"": 4901, ""entry_slippage_pct"": 0.03, ""exit_dte"": 1, ""exit_slippage_pct"": 0.03, ""family"": ""bull_put_credit_spread"", ""initial_capital"": 100000.0, ""iv_multiplier"": 1.3, ""max_iv"": 0.45, ""max_rv"": 0.6, ""min_iv"": 0.25, ""min_rv"": 0.0, ""option_dte"": 7, ""per_contract_fee"": 1.0, ""put_long_pct"": 0.94, ""put_short_pct"": 0.98, ""risk_fraction"": 0.15, ""risk_free_rate"": 0.04, ""rsi_window"": 3, ""signal"": ""bull_mean_reversion"", ""stop_loss"": 0.6, ""symbol"": ""SPY"", ""take_profit"": 0.2}"
5360,SPY,bull_put_credit_spread,bull_mean_reversion,31.6965,149.39,15.76,1.25,-8.07,2.321,161,"{""bull_rsi_threshold"": 35.0, ""candidate_index"": 5360, ""entry_slippage_pct"": 0.03, ""exit_dte"": 1, ""exit_slippage_pct"": 0.03, ""family"": ""bull_put_credit_spread"", ""initial_capital"": 100000.0, ""iv_multiplier"": 1.3, ""max_iv"": 0.7, ""max_rv"": 0.45, ""min_iv"": 0.25, ""min_rv"": 0.0, ""option_dte"": 7, ""per_contract_fee"": 1.0, ""put_long_pct"": 0.94, ""put_short_pct"": 0.98, ""risk_fraction"": 0.15, ""risk_free_rate"": 0.04, ""rsi_window"": 3, ""signal"": ""bull_mean_reversion"", ""stop_loss"": 0.45, ""symbol"": ""SPY"", ""take_profit"": 0.2}"
5361,SPY,bull_put_credit_spread,bull_mean_reversion,31.6965,149.39,15.76,1.25,-8.07,2.321,161,"{""bull_rsi_threshold"": 35.0, ""candidate_index"": 5361, ""entry_slippage_pct"": 0.03, ""exit_dte"": 1, ""exit_slippage_pct"": 0.03, ""family"": ""bull_put_credit_spread"", ""initial_capital"": 100000.0, ""iv_multiplier"": 1.3, ""max_iv"": 0.7, ""max_rv"": 0.45, ""min_iv"": 0.25, ""min_rv"": 0.0, ""option_dte"": 7, ""per_contract_fee"": 1.0, ""put_long_pct"": 0.94, ""put_short_pct"": 0.98, ""risk_fraction"": 0.15, ""risk_free_rate"": 0.04, ""rsi_window"": 3, ""signal"": ""bull_mean_reversion"", ""stop_loss"": 0.6, ""symbol"": ""SPY"", ""take_profit"": 0.2}"
5380,SPY,bull_put_credit_spread,bull_mean_reversion,31.6965,149.39,15.76,1.25,-8.07,2.321,161,"{""bull_rsi_threshold"": 35.0, ""candidate_index"": 5380, ""entry_slippage_pct"": 0.03, ""exit_dte"": 1, ""exit_slippage_pct"": 0.03, ""family"": ""bull_put_credit_spread"", ""initial_capital"": 100000.0, ""iv_multiplier"": 1.3, ""max_iv"": 0.7, ""max_rv"": 0.6, ""min_iv"": 0.25, ""min_rv"": 0.0, ""option_dte"": 7, ""per_contract_fee"": 1.0, ""put_long_pct"": 0.94, ""put_short_pct"": 0.98, ""risk_fraction"": 0.15, ""risk_free_rate"": 0.04, ""rsi_window"": 3, ""signal"": ""bull_mean_reversion"", ""stop_loss"": 0.45, ""symbol"": ""SPY"", ""take_profit"": 0.2}"
5381,SPY,bull_put_credit_spread,bull_mean_reversion,31.6965,149.39,15.76,1.25,-8.07,2.321,161,"{""bull_rsi_threshold"": 35.0, ""candidate_index"": 5381, ""entry_slippage_pct"": 0.03, ""exit_dte"": 1, ""exit_slippage_pct"": 0.03, ""family"": ""bull_put_credit_spread"", ""initial_capital"": 100000.0, ""iv_multiplier"": 1.3, ""max_iv"": 0.7, ""max_rv"": 0.6, ""min_iv"": 0.25, ""min_rv"": 0.0, ""option_dte"": 7, ""per_contract_fee"": 1.0, ""put_long_pct"": 0.94, ""put_short_pct"": 0.98, ""risk_fraction"": 0.15, ""risk_free_rate"": 0.04, ""rsi_window"": 3, ""signal"": ""bull_mean_reversion"", ""stop_loss"": 0.6, ""symbol"": ""SPY"", ""take_profit"": 0.2}"
2960,SPY,bull_put_credit_spread,bull_mean_reversion,31.6715,148.14,15.66,1.25,-7.85,2.318,161,"{""bull_rsi_threshold"": 35.0, ""candidate_index"": 2960, ""entry_slippage_pct"": 0.03, ""exit_dte"": 1, ""exit_slippage_pct"": 0.03, ""family"": ""bull_put_credit_spread"", ""initial_capital"": 100000.0, ""iv_multiplier"": 1.15, ""max_iv"": 0.45, ""max_rv"": 0.45, ""min_iv"": 0.25, ""min_rv"": 0.0, ""option_dte"": 7, ""per_contract_fee"": 1.0, ""put_long_pct"": 0.94, ""put_short_pct"": 0.98, ""risk_fraction"": 0.15, ""risk_free_rate"": 0.04, ""rsi_window"": 3, ""signal"": ""bull_mean_reversion"", ""stop_loss"": 0.45, ""symbol"": ""SPY"", ""take_profit"": 0.2}"
2961,SPY,bull_put_credit_spread,bull_mean_reversion,31.6715,148.14,15.66,1.25,-7.85,2.318,161,"{""bull_rsi_threshold"": 35.0, ""candidate_index"": 2961, ""entry_slippage_pct"": 0.03, ""exit_dte"": 1, ""exit_slippage_pct"": 0.03, ""family"": ""bull_put_credit_spread"", ""initial_capital"": 100000.0, ""iv_multiplier"": 1.15, ""max_iv"": 0.45, ""max_rv"": 0.45, ""min_iv"": 0.25, ""min_rv"": 0.0, ""option_dte"": 7, ""per_contract_fee"": 1.0, ""put_long_pct"": 0.94, ""put_short_pct"": 0.98, ""risk_fraction"": 0.15, ""risk_free_rate"": 0.04, ""rsi_window"": 3, ""signal"": ""bull_mean_reversion"", ""stop_loss"": 0.6, ""symbol"": ""SPY"", ""take_profit"": 0.2}"
2980,SPY,bull_put_credit_spread,bull_mean_reversion,31.6715,148.14,15.66,1.25,-7.85,2.318,161,"{""bull_rsi_threshold"": 35.0, ""candidate_index"": 2980, ""entry_slippage_pct"": 0.03, ""exit_dte"": 1, ""exit_slippage_pct"": 0.03, ""family"": ""bull_put_credit_spread"", ""initial_capital"": 100000.0, ""iv_multiplier"": 1.15, ""max_iv"": 0.45, ""max_rv"": 0.6, ""min_iv"": 0.25, ""min_rv"": 0.0, ""option_dte"": 7, ""per_contract_fee"": 1.0, ""put_long_pct"": 0.94, ""put_short_pct"": 0.98, ""risk_fraction"": 0.15, ""risk_free_rate"": 0.04, ""rsi_window"": 3, ""signal"": ""bull_mean_reversion"", ""stop_loss"": 0.45, ""symbol"": ""SPY"", ""take_profit"": 0.2}"
2981,SPY,bull_put_credit_spread,bull_mean_reversion,31.6715,148.14,15.66,1.25,-7.85,2.318,161,"{""bull_rsi_threshold"": 35.0, ""candidate_index"": 2981, ""entry_slippage_pct"": 0.03, ""exit_dte"": 1, ""exit_slippage_pct"": 0.03, ""family"": ""bull_put_credit_spread"", ""initial_capital"": 100000.0, ""iv_multiplier"": 1.15, ""max_iv"": 0.45, ""max_rv"": 0.6, ""min_iv"": 0.25, ""min_rv"": 0.0, ""option_dte"": 7, ""per_contract_fee"": 1.0, ""put_long_pct"": 0.94, ""put_short_pct"": 0.98, ""risk_fraction"": 0.15, ""risk_free_rate"": 0.04, ""rsi_window"": 3, ""signal"": ""bull_mean_reversion"", ""stop_loss"": 0.6, ""symbol"": ""SPY"", ""take_profit"": 0.2}"
3440,SPY,bull_put_credit_spread,bull_mean_reversion,31.6715,148.14,15.66,1.25,-7.85,2.318,161,"{""bull_rsi_threshold"": 35.0, ""candidate_index"": 3440, ""entry_slippage_pct"": 0.03, ""exit_dte"": 1, ""exit_slippage_pct"": 0.03, ""family"": ""bull_put_credit_spread"", ""initial_capital"": 100000.0, ""iv_multiplier"": 1.15, ""max_iv"": 0.7, ""max_rv"": 0.45, ""min_iv"": 0.25, ""min_rv"": 0.0, ""option_dte"": 7, ""per_contract_fee"": 1.0, ""put_long_pct"": 0.94, ""put_short_pct"": 0.98, ""risk_fraction"": 0.15, ""risk_free_rate"": 0.04, ""rsi_window"": 3, ""signal"": ""bull_mean_reversion"", ""stop_loss"": 0.45, ""symbol"": ""SPY"", ""take_profit"": 0.2}"
3441,SPY,bull_put_credit_spread,bull_mean_reversion,31.6715,148.14,15.66,1.25,-7.85,2.318,161,"{""bull_rsi_threshold"": 35.0, ""candidate_index"": 3441, ""entry_slippage_pct"": 0.03, ""exit_dte"": 1, ""exit_slippage_pct"": 0.03, ""family"": ""bull_put_credit_spread"", ""initial_capital"": 100000.0, ""iv_multiplier"": 1.15, ""max_iv"": 0.7, ""max_rv"": 0.45, ""min_iv"": 0.25, ""min_rv"": 0.0, ""option_dte"": 7, ""per_contract_fee"": 1.0, ""put_long_pct"": 0.94, ""put_short_pct"": 0.98, ""risk_fraction"": 0.15, ""risk_free_rate"": 0.04, ""rsi_window"": 3, ""signal"": ""bull_mean_reversion"", ""stop_loss"": 0.6, ""symbol"": ""SPY"", ""take_profit"": 0.2}"
3460,SPY,bull_put_credit_spread,bull_mean_reversion,31.6715,148.14,15.66,1.25,-7.85,2.318,161,"{""bull_rsi_threshold"": 35.0, ""candidate_index"": 3460, ""entry_slippage_pct"": 0.03, ""exit_dte"": 1, ""exit_slippage_pct"": 0.03, ""family"": ""bull_put_credit_spread"", ""initial_capital"": 100000.0, ""iv_multiplier"": 1.15, ""max_iv"": 0.7, ""max_rv"": 0.6, ""min_iv"": 0.25, ""min_rv"": 0.0, ""option_dte"": 7, ""per_contract_fee"": 1.0, ""put_long_pct"": 0.94, ""put_short_pct"": 0.98, ""risk_fraction"": 0.15, ""risk_free_rate"": 0.04, ""rsi_window"": 3, ""signal"": ""bull_mean_reversion"", ""stop_loss"": 0.45, ""symbol"": ""SPY"", ""take_profit"": 0.2}"
3461,SPY,bull_put_credit_spread,bull_mean_reversion,31.6715,148.14,15.66,1.25,-7.85,2.318,161,"{""bull_rsi_threshold"": 35.0, ""candidate_index"": 3461, ""entry_slippage_pct"": 0.03, ""exit_dte"": 1, ""exit_slippage_pct"": 0.03, ""family"": ""bull_put_credit_spread"", ""initial_capital"": 100000.0, ""iv_multiplier"": 1.15, ""max_iv"": 0.7, ""max_rv"": 0.6, ""min_iv"": 0.25, ""min_rv"": 0.0, ""option_dte"": 7, ""per_contract_fee"": 1.0, ""put_long_pct"": 0.94, ""put_short_pct"": 0.98, ""risk_fraction"": 0.15, ""risk_free_rate"": 0.04, ""rsi_window"": 3, ""signal"": ""bull_mean_reversion"", ""stop_loss"": 0.6, ""symbol"": ""SPY"", ""take_profit"": 0.2}"
1040,SPY,bull_put_credit_spread,bull_mean_reversion,31.6115,148.39,15.68,1.25,-8.01,2.317,161,"{""bull_rsi_threshold"": 35.0, ""candidate_index"": 1040, ""entry_slippage_pct"": 0.03, ""exit_dte"": 1, ""exit_slippage_pct"": 0.03, ""family"": ""bull_put_credit_spread"", ""initial_capital"": 100000.0, ""iv_multiplier"": 1.0, ""max_iv"": 0.45, ""max_rv"": 0.45, ""min_iv"": 0.25, ""min_rv"": 0.0, ""option_dte"": 7, ""per_contract_fee"": 1.0, ""put_long_pct"": 0.94, ""put_short_pct"": 0.98, ""risk_fraction"": 0.15, ""risk_free_rate"": 0.04, ""rsi_window"": 3, ""signal"": ""bull_mean_reversion"", ""stop_loss"": 0.45, ""symbol"": ""SPY"", ""take_profit"": 0.2}"
1041,SPY,bull_put_credit_spread,bull_mean_reversion,31.6115,148.39,15.68,1.25,-8.01,2.317,161,"{""bull_rsi_threshold"": 35.0, ""candidate_index"": 1041, ""entry_slippage_pct"": 0.03, ""exit_dte"": 1, ""exit_slippage_pct"": 0.03, ""family"": ""bull_put_credit_spread"", ""initial_capital"": 100000.0, ""iv_multiplier"": 1.0, ""max_iv"": 0.45, ""max_rv"": 0.45, ""min_iv"": 0.25, ""min_rv"": 0.0, ""option_dte"": 7, ""per_contract_fee"": 1.0, ""put_long_pct"": 0.94, ""put_short_pct"": 0.98, ""risk_fraction"": 0.15, ""risk_free_rate"": 0.04, ""rsi_window"": 3, ""signal"": ""bull_mean_reversion"", ""stop_loss"": 0.6, ""symbol"": ""SPY"", ""take_profit"": 0.2}"
1060,SPY,bull_put_credit_spread,bull_mean_reversion,31.6115,148.39,15.68,1.25,-8.01,2.317,161,"{""bull_rsi_threshold"": 35.0, ""candidate_index"": 1060, ""entry_slippage_pct"": 0.03, ""exit_dte"": 1, ""exit_slippage_pct"": 0.03, ""family"": ""bull_put_credit_spread"", ""initial_capital"": 100000.0, ""iv_multiplier"": 1.0, ""max_iv"": 0.45, ""max_rv"": 0.6, ""min_iv"": 0.25, ""min_rv"": 0.0, ""option_dte"": 7, ""per_contract_fee"": 1.0, ""put_long_pct"": 0.94, ""put_short_pct"": 0.98, ""risk_fraction"": 0.15, ""risk_free_rate"": 0.04, ""rsi_window"": 3, ""signal"": ""bull_mean_reversion"", ""stop_loss"": 0.45, ""symbol"": ""SPY"", ""take_profit"": 0.2}"
1061,SPY,bull_put_credit_spread,bull_mean_reversion,31.6115,148.39,15.68,1.25,-8.01,2.317,161,"{""bull_rsi_threshold"": 35.0, ""candidate_index"": 1061, ""entry_slippage_pct"": 0.03, ""exit_dte"": 1, ""exit_slippage_pct"": 0.03, ""family"": ""bull_put_credit_spread"", ""initial_capital"": 100000.0, ""iv_multiplier"": 1.0, ""max_iv"": 0.45, ""max_rv"": 0.6, ""min_iv"": 0.25, ""min_rv"": 0.0, ""option_dte"": 7, ""per_contract_fee"": 1.0, ""put_long_pct"": 0.94, ""put_short_pct"": 0.98, ""risk_fraction"": 0.15, ""risk_free_rate"": 0.04, ""rsi_window"": 3, ""signal"": ""bull_mean_reversion"", ""stop_loss"": 0.6, ""symbol"": ""SPY"", ""take_profit"": 0.2}"
1520,SPY,bull_put_credit_spread,bull_mean_reversion,31.6115,148.39,15.68,1.25,-8.01,2.317,161,"{""bull_rsi_threshold"": 35.0, ""candidate_index"": 1520, ""entry_slippage_pct"": 0.03, ""exit_dte"": 1, ""exit_slippage_pct"": 0.03, ""family"": ""bull_put_credit_spread"", ""initial_capital"": 100000.0, ""iv_multiplier"": 1.0, ""max_iv"": 0.7, ""max_rv"": 0.45, ""min_iv"": 0.25, ""min_rv"": 0.0, ""option_dte"": 7, ""per_contract_fee"": 1.0, ""put_long_pct"": 0.94, ""put_short_pct"": 0.98, ""risk_fraction"": 0.15, ""risk_free_rate"": 0.04, ""rsi_window"": 3, ""signal"": ""bull_mean_reversion"", ""stop_loss"": 0.45, ""symbol"": ""SPY"", ""take_profit"": 0.2}"
1521,SPY,bull_put_credit_spread,bull_mean_reversion,31.6115,148.39,15.68,1.25,-8.01,2.317,161,"{""bull_rsi_threshold"": 35.0, ""candidate_index"": 1521, ""entry_slippage_pct"": 0.03, ""exit_dte"": 1, ""exit_slippage_pct"": 0.03, ""family"": ""bull_put_credit_spread"", ""initial_capital"": 100000.0, ""iv_multiplier"": 1.0, ""max_iv"": 0.7, ""max_rv"": 0.45, ""min_iv"": 0.25, ""min_rv"": 0.0, ""option_dte"": 7, ""per_contract_fee"": 1.0, ""put_long_pct"": 0.94, ""put_short_pct"": 0.98, ""risk_fraction"": 0.15, ""risk_free_rate"": 0.04, ""rsi_window"": 3, ""signal"": ""bull_mean_reversion"", ""stop_loss"": 0.6, ""symbol"": ""SPY"", ""take_profit"": 0.2}"
1540,SPY,bull_put_credit_spread,bull_mean_reversion,31.6115,148.39,15.68,1.25,-8.01,2.317,161,"{""bull_rsi_threshold"": 35.0, ""candidate_index"": 1540, ""entry_slippage_pct"": 0.03, ""exit_dte"": 1, ""exit_slippage_pct"": 0.03, ""family"": ""bull_put_credit_spread"", ""initial_capital"": 100000.0, ""iv_multiplier"": 1.0, ""max_iv"": 0.7, ""max_rv"": 0.6, ""min_iv"": 0.25, ""min_rv"": 0.0, ""option_dte"": 7, ""per_contract_fee"": 1.0, ""put_long_pct"": 0.94, ""put_short_pct"": 0.98, ""risk_fraction"": 0.15, ""risk_free_rate"": 0.04, ""rsi_window"": 3, ""signal"": ""bull_mean_reversion"", ""stop_loss"": 0.45, ""symbol"": ""SPY"", ""take_profit"": 0.2}"
1541,SPY,bull_put_credit_spread,bull_mean_reversion,31.6115,148.39,15.68,1.25,-8.01,2.317,161,"{""bull_rsi_threshold"": 35.0, ""candidate_index"": 1541, ""entry_slippage_pct"": 0.03, ""exit_dte"": 1, ""exit_slippage_pct"": 0.03, ""family"": ""bull_put_credit_spread"", ""initial_capital"": 100000.0, ""iv_multiplier"": 1.0, ""max_iv"": 0.7, ""max_rv"": 0.6, ""min_iv"": 0.25, ""min_rv"": 0.0, ""option_dte"": 7, ""per_contract_fee"": 1.0, ""put_long_pct"": 0.94, ""put_short_pct"": 0.98, ""risk_fraction"": 0.15, ""risk_free_rate"": 0.04, ""rsi_window"": 3, ""signal"": ""bull_mean_reversion"", ""stop_loss"": 0.6, ""symbol"": ""SPY"", ""take_profit"": 0.2}"
4962,SPY,bull_put_credit_spread,bull_mean_reversion,29.765,147.17,15.59,1.24,-9.62,2.189,179,"{""bull_rsi_threshold"": 40.0, ""candidate_index"": 4962, ""entry_slippage_pct"": 0.03, ""exit_dte"": 1, ""exit_slippage_pct"": 0.03, ""family"": ""bull_put_credit_spread"", ""initial_capital"": 100000.0, ""iv_multiplier"": 1.3, ""max_iv"": 0.45, ""max_rv"": 0.45, ""min_iv"": 0.25, ""min_rv"": 0.0, ""option_dte"": 7, ""per_contract_fee"": 1.0, ""put_long_pct"": 0.94, ""put_short_pct"": 0.98, ""risk_fraction"": 0.15, ""risk_free_rate"": 0.04, ""rsi_window"": 3, ""signal"": ""bull_mean_reversion"", ""stop_loss"": 0.45, ""symbol"": ""SPY"", ""take_profit"": 0.35}"
4963,SPY,bull_put_credit_spread,bull_mean_reversion,29.765,147.17,15.59,1.24,-9.62,2.189,179,"{""bull_rsi_threshold"": 40.0, ""candidate_index"": 4963, ""entry_slippage_pct"": 0.03, ""exit_dte"": 1, ""exit_slippage_pct"": 0.03, ""family"": ""bull_put_credit_spread"", ""initial_capital"": 100000.0, ""iv_multiplier"": 1.3, ""max_iv"": 0.45, ""max_rv"": 0.45, ""min_iv"": 0.25, ""min_rv"": 0.0, ""option_dte"": 7, ""per_contract_fee"": 1.0, ""put_long_pct"": 0.94, ""put_short_pct"": 0.98, ""risk_fraction"": 0.15, ""risk_free_rate"": 0.04, ""rsi_window"": 3, ""signal"": ""bull_mean_reversion"", ""stop_loss"": 0.6, ""symbol"": ""SPY"", ""take_profit"": 0.35}"
4982,SPY,bull_put_credit_spread,bull_mean_reversion,29.765,147.17,15.59,1.24,-9.62,2.189,179,"{""bull_rsi_threshold"": 40.0, ""candidate_index"": 4982, ""entry_slippage_pct"": 0.03, ""exit_dte"": 1, ""exit_slippage_pct"": 0.03, ""family"": ""bull_put_credit_spread"", ""initial_capital"": 100000.0, ""iv_multiplier"": 1.3, ""max_iv"": 0.45, ""max_rv"": 0.6, ""min_iv"": 0.25, ""min_rv"": 0.0, ""option_dte"": 7, ""per_contract_fee"": 1.0, ""put_long_pct"": 0.94, ""put_short_pct"": 0.98, ""risk_fraction"": 0.15, ""risk_free_rate"": 0.04, ""rsi_window"": 3, ""signal"": ""bull_mean_reversion"", ""stop_loss"": 0.45, ""symbol"": ""SPY"", ""take_profit"": 0.35}"
4983,SPY,bull_put_credit_spread,bull_mean_reversion,29.765,147.17,15.59,1.24,-9.62,2.189,179,"{""bull_rsi_threshold"": 40.0, ""candidate_index"": 4983, ""entry_slippage_pct"": 0.03, ""exit_dte"": 1, ""exit_slippage_pct"": 0.03, ""family"": ""bull_put_credit_spread"", ""initial_capital"": 100000.0, ""iv_multiplier"": 1.3, ""max_iv"": 0.45, ""max_rv"": 0.6, ""min_iv"": 0.25, ""min_rv"": 0.0, ""option_dte"": 7, ""per_contract_fee"": 1.0, ""put_long_pct"": 0.94, ""put_short_pct"": 0.98, ""risk_fraction"": 0.15, ""risk_free_rate"": 0.04, ""rsi_window"": 3, ""signal"": ""bull_mean_reversion"", ""stop_loss"": 0.6, ""symbol"": ""SPY"", ""take_profit"": 0.35}"
5442,SPY,bull_put_credit_spread,bull_mean_reversion,29.765,147.17,15.59,1.24,-9.62,2.189,179,"{""bull_rsi_threshold"": 40.0, ""candidate_index"": 5442, ""entry_slippage_pct"": 0.03, ""exit_dte"": 1, ""exit_slippage_pct"": 0.03, ""family"": ""bull_put_credit_spread"", ""initial_capital"": 100000.0, ""iv_multiplier"": 1.3, ""max_iv"": 0.7, ""max_rv"": 0.45, ""min_iv"": 0.25, ""min_rv"": 0.0, ""option_dte"": 7, ""per_contract_fee"": 1.0, ""put_long_pct"": 0.94, ""put_short_pct"": 0.98, ""risk_fraction"": 0.15, ""risk_free_rate"": 0.04, ""rsi_window"": 3, ""signal"": ""bull_mean_reversion"", ""stop_loss"": 0.45, ""symbol"": ""SPY"", ""take_profit"": 0.35}"
5443,SPY,bull_put_credit_spread,bull_mean_reversion,29.765,147.17,15.59,1.24,-9.62,2.189,179,"{""bull_rsi_threshold"": 40.0, ""candidate_index"": 5443, ""entry_slippage_pct"": 0.03, ""exit_dte"": 1, ""exit_slippage_pct"": 0.03, ""family"": ""bull_put_credit_spread"", ""initial_capital"": 100000.0, ""iv_multiplier"": 1.3, ""max_iv"": 0.7, ""max_rv"": 0.45, ""min_iv"": 0.25, ""min_rv"": 0.0, ""option_dte"": 7, ""per_contract_fee"": 1.0, ""put_long_pct"": 0.94, ""put_short_pct"": 0.98, ""risk_fraction"": 0.15, ""risk_free_rate"": 0.04, ""rsi_window"": 3, ""signal"": ""bull_mean_reversion"", ""stop_loss"": 0.6, ""symbol"": ""SPY"", ""take_profit"": 0.35}"
5462,SPY,bull_put_credit_spread,bull_mean_reversion,29.765,147.17,15.59,1.24,-9.62,2.189,179,"{""bull_rsi_threshold"": 40.0, ""candidate_index"": 5462, ""entry_slippage_pct"": 0.03, ""exit_dte"": 1, ""exit_slippage_pct"": 0.03, ""family"": ""bull_put_credit_spread"", ""initial_capital"": 100000.0, ""iv_multiplier"": 1.3, ""max_iv"": 0.7, ""max_rv"": 0.6, ""min_iv"": 0.25, ""min_rv"": 0.0, ""option_dte"": 7, ""per_contract_fee"": 1.0, ""put_long_pct"": 0.94, ""put_short_pct"": 0.98, ""risk_fraction"": 0.15, ""risk_free_rate"": 0.04, ""rsi_window"": 3, ""signal"": ""bull_mean_reversion"", ""stop_loss"": 0.45, ""symbol"": ""SPY"", ""take_profit"": 0.35}"
5463,SPY,bull_put_credit_spread,bull_mean_reversion,29.765,147.17,15.59,1.24,-9.62,2.189,179,"{""bull_rsi_threshold"": 40.0, ""candidate_index"": 5463, ""entry_slippage_pct"": 0.03, ""exit_dte"": 1, ""exit_slippage_pct"": 0.03, ""family"": ""bull_put_credit_spread"", ""initial_capital"": 100000.0, ""iv_multiplier"": 1.3, ""max_iv"": 0.7, ""max_rv"": 0.6, ""min_iv"": 0.25, ""min_rv"": 0.0, ""option_dte"": 7, ""per_contract_fee"": 1.0, ""put_long_pct"": 0.94, ""put_short_pct"": 0.98, ""risk_fraction"": 0.15, ""risk_free_rate"": 0.04, ""rsi_window"": 3, ""signal"": ""bull_mean_reversion"", ""stop_loss"": 0.6, ""symbol"": ""SPY"", ""take_profit"": 0.35}"
3042,SPY,bull_put_credit_spread,bull_mean_reversion,29.5585,145.62,15.47,1.23,-9.67,2.182,179,"{""bull_rsi_threshold"": 40.0, ""candidate_index"": 3042, ""entry_slippage_pct"": 0.03, ""exit_dte"": 1, ""exit_slippage_pct"": 0.03, ""family"": ""bull_put_credit_spread"", ""initial_capital"": 100000.0, ""iv_multiplier"": 1.15, ""max_iv"": 0.45, ""max_rv"": 0.45, ""min_iv"": 0.25, ""min_rv"": 0.0, ""option_dte"": 7, ""per_contract_fee"": 1.0, ""put_long_pct"": 0.94, ""put_short_pct"": 0.98, ""risk_fraction"": 0.15, ""risk_free_rate"": 0.04, ""rsi_window"": 3, ""signal"": ""bull_mean_reversion"", ""stop_loss"": 0.45, ""symbol"": ""SPY"", ""take_profit"": 0.35}"
3043,SPY,bull_put_credit_spread,bull_mean_reversion,29.5585,145.62,15.47,1.23,-9.67,2.182,179,"{""bull_rsi_threshold"": 40.0, ""candidate_index"": 3043, ""entry_slippage_pct"": 0.03, ""exit_dte"": 1, ""exit_slippage_pct"": 0.03, ""family"": ""bull_put_credit_spread"", ""initial_capital"": 100000.0, ""iv_multiplier"": 1.15, ""max_iv"": 0.45, ""max_rv"": 0.45, ""min_iv"": 0.25, ""min_rv"": 0.0, ""option_dte"": 7, ""per_contract_fee"": 1.0, ""put_long_pct"": 0.94, ""put_short_pct"": 0.98, ""risk_fraction"": 0.15, ""risk_free_rate"": 0.04, ""rsi_window"": 3, ""signal"": ""bull_mean_reversion"", ""stop_loss"": 0.6, ""symbol"": ""SPY"", ""take_profit"": 0.35}"
3062,SPY,bull_put_credit_spread,bull_mean_reversion,29.5585,145.62,15.47,1.23,-9.67,2.182,179,"{""bull_rsi_threshold"": 40.0, ""candidate_index"": 3062, ""entry_slippage_pct"": 0.03, ""exit_dte"": 1, ""exit_slippage_pct"": 0.03, ""family"": ""bull_put_credit_spread"", ""initial_capital"": 100000.0, ""iv_multiplier"": 1.15, ""max_iv"": 0.45, ""max_rv"": 0.6, ""min_iv"": 0.25, ""min_rv"": 0.0, ""option_dte"": 7, ""per_contract_fee"": 1.0, ""put_long_pct"": 0.94, ""put_short_pct"": 0.98, ""risk_fraction"": 0.15, ""risk_free_rate"": 0.04, ""rsi_window"": 3, ""signal"": ""bull_mean_reversion"", ""stop_loss"": 0.45, ""symbol"": ""SPY"", ""take_profit"": 0.35}"
3063,SPY,bull_put_credit_spread,bull_mean_reversion,29.5585,145.62,15.47,1.23,-9.67,2.182,179,"{""bull_rsi_threshold"": 40.0, ""candidate_index"": 3063, ""entry_slippage_pct"": 0.03, ""exit_dte"": 1, ""exit_slippage_pct"": 0.03, ""family"": ""bull_put_credit_spread"", ""initial_capital"": 100000.0, ""iv_multiplier"": 1.15, ""max_iv"": 0.45, ""max_rv"": 0.6, ""min_iv"": 0.25, ""min_rv"": 0.0, ""option_dte"": 7, ""per_contract_fee"": 1.0, ""put_long_pct"": 0.94, ""put_short_pct"": 0.98, ""risk_fraction"": 0.15, ""risk_free_rate"": 0.04, ""rsi_window"": 3, ""signal"": ""bull_mean_reversion"", ""stop_loss"": 0.6, ""symbol"": ""SPY"", ""take_profit"": 0.35}"
3522,SPY,bull_put_credit_spread,bull_mean_reversion,29.5585,145.62,15.47,1.23,-9.67,2.182,179,"{""bull_rsi_threshold"": 40.0, ""candidate_index"": 3522, ""entry_slippage_pct"": 0.03, ""exit_dte"": 1, ""exit_slippage_pct"": 0.03, ""family"": ""bull_put_credit_spread"", ""initial_capital"": 100000.0, ""iv_multiplier"": 1.15, ""max_iv"": 0.7, ""max_rv"": 0.45, ""min_iv"": 0.25, ""min_rv"": 0.0, ""option_dte"": 7, ""per_contract_fee"": 1.0, ""put_long_pct"": 0.94, ""put_short_pct"": 0.98, ""risk_fraction"": 0.15, ""risk_free_rate"": 0.04, ""rsi_window"": 3, ""signal"": ""bull_mean_reversion"", ""stop_loss"": 0.45, ""symbol"": ""SPY"", ""take_profit"": 0.35}"
3523,SPY,bull_put_credit_spread,bull_mean_reversion,29.5585,145.62,15.47,1.23,-9.67,2.182,179,"{""bull_rsi_threshold"": 40.0, ""candidate_index"": 3523, ""entry_slippage_pct"": 0.03, ""exit_dte"": 1, ""exit_slippage_pct"": 0.03, ""family"": ""bull_put_credit_spread"", ""initial_capital"": 100000.0, ""iv_multiplier"": 1.15, ""max_iv"": 0.7, ""max_rv"": 0.45, ""min_iv"": 0.25, ""min_rv"": 0.0, ""option_dte"": 7, ""per_contract_fee"": 1.0, ""put_long_pct"": 0.94, ""put_short_pct"": 0.98, ""risk_fraction"": 0.15, ""risk_free_rate"": 0.04, ""rsi_window"": 3, ""signal"": ""bull_mean_reversion"", ""stop_loss"": 0.6, ""symbol"": ""SPY"", ""take_profit"": 0.35}"
3542,SPY,bull_put_credit_spread,bull_mean_reversion,29.5585,145.62,15.47,1.23,-9.67,2.182,179,"{""bull_rsi_threshold"": 40.0, ""candidate_index"": 3542, ""entry_slippage_pct"": 0.03, ""exit_dte"": 1, ""exit_slippage_pct"": 0.03, ""family"": ""bull_put_credit_spread"", ""initial_capital"": 100000.0, ""iv_multiplier"": 1.15, ""max_iv"": 0.7, ""max_rv"": 0.6, ""min_iv"": 0.25, ""min_rv"": 0.0, ""option_dte"": 7, ""per_contract_fee"": 1.0, ""put_long_pct"": 0.94, ""put_short_pct"": 0.98, ""risk_fraction"": 0.15, ""risk_free_rate"": 0.04, ""rsi_window"": 3, ""signal"": ""bull_mean_reversion"", ""stop_loss"": 0.45, ""symbol"": ""SPY"", ""take_profit"": 0.35}"
3543,SPY,bull_put_credit_spread,bull_mean_reversion,29.5585,145.62,15.47,1.23,-9.67,2.182,179,"{""bull_rsi_threshold"": 40.0, ""candidate_index"": 3543, ""entry_slippage_pct"": 0.03, ""exit_dte"": 1, ""exit_slippage_pct"": 0.03, ""family"": ""bull_put_credit_spread"", ""initial_capital"": 100000.0, ""iv_multiplier"": 1.15, ""max_iv"": 0.7, ""max_rv"": 0.6, ""min_iv"": 0.25, ""min_rv"": 0.0, ""option_dte"": 7, ""per_contract_fee"": 1.0, ""put_long_pct"": 0.94, ""put_short_pct"": 0.98, ""risk_fraction"": 0.15, ""risk_free_rate"": 0.04, ""rsi_window"": 3, ""signal"": ""bull_mean_reversion"", ""stop_loss"": 0.6, ""symbol"": ""SPY"", ""take_profit"": 0.35}"
1122,SPY,bull_put_credit_spread,bull_mean_reversion,29.5275,145.14,15.44,1.23,-9.69,2.183,179,"{""bull_rsi_threshold"": 40.0, ""candidate_index"": 1122, ""entry_slippage_pct"": 0.03, ""exit_dte"": 1, ""exit_slippage_pct"": 0.03, ""family"": ""bull_put_credit_spread"", ""initial_capital"": 100000.0, ""iv_multiplier"": 1.0, ""max_iv"": 0.45, ""max_rv"": 0.45, ""min_iv"": 0.25, ""min_rv"": 0.0, ""option_dte"": 7, ""per_contract_fee"": 1.0, ""put_long_pct"": 0.94, ""put_short_pct"": 0.98, ""risk_fraction"": 0.15, ""risk_free_rate"": 0.04, ""rsi_window"": 3, ""signal"": ""bull_mean_reversion"", ""stop_loss"": 0.45, ""symbol"": ""SPY"", ""take_profit"": 0.35}"
1123,SPY,bull_put_credit_spread,bull_mean_reversion,29.5275,145.14,15.44,1.23,-9.69,2.183,179,"{""bull_rsi_threshold"": 40.0, ""candidate_index"": 1123, ""entry_slippage_pct"": 0.03, ""exit_dte"": 1, ""exit_slippage_pct"": 0.03, ""family"": ""bull_put_credit_spread"", ""initial_capital"": 100000.0, ""iv_multiplier"": 1.0, ""max_iv"": 0.45, ""max_rv"": 0.45, ""min_iv"": 0.25, ""min_rv"": 0.0, ""option_dte"": 7, ""per_contract_fee"": 1.0, ""put_long_pct"": 0.94, ""put_short_pct"": 0.98, ""risk_fraction"": 0.15, ""risk_free_rate"": 0.04, ""rsi_window"": 3, ""signal"": ""bull_mean_reversion"", ""stop_loss"": 0.6, ""symbol"": ""SPY"", ""take_profit"": 0.35}"
1142,SPY,bull_put_credit_spread,bull_mean_reversion,29.5275,145.14,15.44,1.23,-9.69,2.183,179,"{""bull_rsi_threshold"": 40.0, ""candidate_index"": 1142, ""entry_slippage_pct"": 0.03, ""exit_dte"": 1, ""exit_slippage_pct"": 0.03, ""family"": ""bull_put_credit_spread"", ""initial_capital"": 100000.0, ""iv_multiplier"": 1.0, ""max_iv"": 0.45, ""max_rv"": 0.6, ""min_iv"": 0.25, ""min_rv"": 0.0, ""option_dte"": 7, ""per_contract_fee"": 1.0, ""put_long_pct"": 0.94, ""put_short_pct"": 0.98, ""risk_fraction"": 0.15, ""risk_free_rate"": 0.04, ""rsi_window"": 3, ""signal"": ""bull_mean_reversion"", ""stop_loss"": 0.45, ""symbol"": ""SPY"", ""take_profit"": 0.35}"
1143,SPY,bull_put_credit_spread,bull_mean_reversion,29.5275,145.14,15.44,1.23,-9.69,2.183,179,"{""bull_rsi_threshold"": 40.0, ""candidate_index"": 1143, ""entry_slippage_pct"": 0.03, ""exit_dte"": 1, ""exit_slippage_pct"": 0.03, ""family"": ""bull_put_credit_spread"", ""initial_capital"": 100000.0, ""iv_multiplier"": 1.0, ""max_iv"": 0.45, ""max_rv"": 0.6, ""min_iv"": 0.25, ""min_rv"": 0.0, ""option_dte"": 7, ""per_contract_fee"": 1.0, ""put_long_pct"": 0.94, ""put_short_pct"": 0.98, ""risk_fraction"": 0.15, ""risk_free_rate"": 0.04, ""rsi_window"": 3, ""signal"": ""bull_mean_reversion"", ""stop_loss"": 0.6, ""symbol"": ""SPY"", ""take_profit"": 0.35}"
1602,SPY,bull_put_credit_spread,bull_mean_reversion,29.5275,145.14,15.44,1.23,-9.69,2.183,179,"{""bull_rsi_threshold"": 40.0, ""candidate_index"": 1602, ""entry_slippage_pct"": 0.03, ""exit_dte"": 1, ""exit_slippage_pct"": 0.03, ""family"": ""bull_put_credit_spread"", ""initial_capital"": 100000.0, ""iv_multiplier"": 1.0, ""max_iv"": 0.7, ""max_rv"": 0.45, ""min_iv"": 0.25, ""min_rv"": 0.0, ""option_dte"": 7, ""per_contract_fee"": 1.0, ""put_long_pct"": 0.94, ""put_short_pct"": 0.98, ""risk_fraction"": 0.15, ""risk_free_rate"": 0.04, ""rsi_window"": 3, ""signal"": ""bull_mean_reversion"", ""stop_loss"": 0.45, ""symbol"": ""SPY"", ""take_profit"": 0.35}"
1603,SPY,bull_put_credit_spread,bull_mean_reversion,29.5275,145.14,15.44,1.23,-9.69,2.183,179,"{""bull_rsi_threshold"": 40.0, ""candidate_index"": 1603, ""entry_slippage_pct"": 0.03, ""exit_dte"": 1, ""exit_slippage_pct"": 0.03, ""family"": ""bull_put_credit_spread"", ""initial_capital"": 100000.0, ""iv_multiplier"": 1.0, ""max_iv"": 0.7, ""max_rv"": 0.45, ""min_iv"": 0.25, ""min_rv"": 0.0, ""option_dte"": 7, ""per_contract_fee"": 1.0, ""put_long_pct"": 0.94, ""put_short_pct"": 0.98, ""risk_fraction"": 0.15, ""risk_free_rate"": 0.04, ""rsi_window"": 3, ""signal"": ""bull_mean_reversion"", ""stop_loss"": 0.6, ""symbol"": ""SPY"", ""take_profit"": 0.35}"
1622,SPY,bull_put_credit_spread,bull_mean_reversion,29.5275,145.14,15.44,1.23,-9.69,2.183,179,"{""bull_rsi_threshold"": 40.0, ""candidate_index"": 1622, ""entry_slippage_pct"": 0.03, ""exit_dte"": 1, ""exit_slippage_pct"": 0.03, ""family"": ""bull_put_credit_spread"", ""initial_capital"": 100000.0, ""iv_multiplier"": 1.0, ""max_iv"": 0.7, ""max_rv"": 0.6, ""min_iv"": 0.25, ""min_rv"": 0.0, ""option_dte"": 7, ""per_contract_fee"": 1.0, ""put_long_pct"": 0.94, ""put_short_pct"": 0.98, ""risk_fraction"": 0.15, ""risk_free_rate"": 0.04, ""rsi_window"": 3, ""signal"": ""bull_mean_reversion"", ""stop_loss"": 0.45, ""symbol"": ""SPY"", ""take_profit"": 0.35}"
1623,SPY,bull_put_credit_spread,bull_mean_reversion,29.5275,145.14,15.44,1.23,-9.69,2.183,179,"{""bull_rsi_threshold"": 40.0, ""candidate_index"": 1623, ""entry_slippage_pct"": 0.03, ""exit_dte"": 1, ""exit_slippage_pct"": 0.03, ""family"": ""bull_put_credit_spread"", ""initial_capital"": 100000.0, ""iv_multiplier"": 1.0, ""max_iv"": 0.7, ""max_rv"": 0.6, ""min_iv"": 0.25, ""min_rv"": 0.0, ""option_dte"": 7, ""per_contract_fee"": 1.0, ""put_long_pct"": 0.94, ""put_short_pct"": 0.98, ""risk_fraction"": 0.15, ""risk_free_rate"": 0.04, ""rsi_window"": 3, ""signal"": ""bull_mean_reversion"", ""stop_loss"": 0.6, ""symbol"": ""SPY"", ""take_profit"": 0.35}"
6882,SPY,bull_put_credit_spread,bull_mean_reversion,28.9615,141.82,15.19,1.21,-9.61,2.141,182,"{""bull_rsi_threshold"": 40.0, ""candidate_index"": 6882, ""entry_slippage_pct"": 0.03, ""exit_dte"": 3, ""exit_slippage_pct"": 0.03, ""family"": ""bull_put_credit_spread"", ""initial_capital"": 100000.0, ""iv_multiplier"": 1.0, ""max_iv"": 0.45, ""max_rv"": 0.45, ""min_iv"": 0.25, ""min_rv"": 0.0, ""option_dte"": 7, ""per_contract_fee"": 1.0, ""put_long_pct"": 0.94, ""put_short_pct"": 0.98, ""risk_fraction"": 0.15, ""risk_free_rate"": 0.04, ""rsi_window"": 3, ""signal"": ""bull_mean_reversion"", ""stop_loss"": 0.45, ""symbol"": ""SPY"", ""take_profit"": 0.35}"
6883,SPY,bull_put_credit_spread,bull_mean_reversion,28.9615,141.82,15.19,1.21,-9.61,2.141,182,"{""bull_rsi_threshold"": 40.0, ""candidate_index"": 6883, ""entry_slippage_pct"": 0.03, ""exit_dte"": 3, ""exit_slippage_pct"": 0.03, ""family"": ""bull_put_credit_spread"", ""initial_capital"": 100000.0, ""iv_multiplier"": 1.0, ""max_iv"": 0.45, ""max_rv"": 0.45, ""min_iv"": 0.25, ""min_rv"": 0.0, ""option_dte"": 7, ""per_contract_fee"": 1.0, ""put_long_pct"": 0.94, ""put_short_pct"": 0.98, ""risk_fraction"": 0.15, ""risk_free_rate"": 0.04, ""rsi_window"": 3, ""signal"": ""bull_mean_reversion"", ""stop_loss"": 0.6, ""symbol"": ""SPY"", ""take_profit"": 0.35}"
6902,SPY,bull_put_credit_spread,bull_mean_reversion,28.9615,141.82,15.19,1.21,-9.61,2.141,182,"{""bull_rsi_threshold"": 40.0, ""candidate_index"": 6902, ""entry_slippage_pct"": 0.03, ""exit_dte"": 3, ""exit_slippage_pct"": 0.03, ""family"": ""bull_put_credit_spread"", ""initial_capital"": 100000.0, ""iv_multiplier"": 1.0, ""max_iv"": 0.45, ""max_rv"": 0.6, ""min_iv"": 0.25, ""min_rv"": 0.0, ""option_dte"": 7, ""per_contract_fee"": 1.0, ""put_long_pct"": 0.94, ""put_short_pct"": 0.98, ""risk_fraction"": 0.15, ""risk_free_rate"": 0.04, ""rsi_window"": 3, ""signal"": ""bull_mean_reversion"", ""stop_loss"": 0.45, ""symbol"": ""SPY"", ""take_profit"": 0.35}"
6903,SPY,bull_put_credit_spread,bull_mean_reversion,28.9615,141.82,15.19,1.21,-9.61,2.141,182,"{""bull_rsi_threshold"": 40.0, ""candidate_index"": 6903, ""entry_slippage_pct"": 0.03, ""exit_dte"": 3, ""exit_slippage_pct"": 0.03, ""family"": ""bull_put_credit_spread"", ""initial_capital"": 100000.0, ""iv_multiplier"": 1.0, ""max_iv"": 0.45, ""max_rv"": 0.6, ""min_iv"": 0.25, ""min_rv"": 0.0, ""option_dte"": 7, ""per_contract_fee"": 1.0, ""put_long_pct"": 0.94, ""put_short_pct"": 0.98, ""risk_fraction"": 0.15, ""risk_free_rate"": 0.04, ""rsi_window"": 3, ""signal"": ""bull_mean_reversion"", ""stop_loss"": 0.6, ""symbol"": ""SPY"", ""take_profit"": 0.35}"
7362,SPY,bull_put_credit_spread,bull_mean_reversion,28.9615,141.82,15.19,1.21,-9.61,2.141,182,"{""bull_rsi_threshold"": 40.0, ""candidate_index"": 7362, ""entry_slippage_pct"": 0.03, ""exit_dte"": 3, ""exit_slippage_pct"": 0.03, ""family"": ""bull_put_credit_spread"", ""initial_capital"": 100000.0, ""iv_multiplier"": 1.0, ""max_iv"": 0.7, ""max_rv"": 0.45, ""min_iv"": 0.25, ""min_rv"": 0.0, ""option_dte"": 7, ""per_contract_fee"": 1.0, ""put_long_pct"": 0.94, ""put_short_pct"": 0.98, ""risk_fraction"": 0.15, ""risk_free_rate"": 0.04, ""rsi_window"": 3, ""signal"": ""bull_mean_reversion"", ""stop_loss"": 0.45, ""symbol"": ""SPY"", ""take_profit"": 0.35}"
7363,SPY,bull_put_credit_spread,bull_mean_reversion,28.9615,141.82,15.19,1.21,-9.61,2.141,182,"{""bull_rsi_threshold"": 40.0, ""candidate_index"": 7363, ""entry_slippage_pct"": 0.03, ""exit_dte"": 3, ""exit_slippage_pct"": 0.03, ""family"": ""bull_put_credit_spread"", ""initial_capital"": 100000.0, ""iv_multiplier"": 1.0, ""max_iv"": 0.7, ""max_rv"": 0.45, ""min_iv"": 0.25, ""min_rv"": 0.0, ""option_dte"": 7, ""per_contract_fee"": 1.0, ""put_long_pct"": 0.94, ""put_short_pct"": 0.98, ""risk_fraction"": 0.15, ""risk_free_rate"": 0.04, ""rsi_window"": 3, ""signal"": ""bull_mean_reversion"", ""stop_loss"": 0.6, ""symbol"": ""SPY"", ""take_profit"": 0.35}"
7382,SPY,bull_put_credit_spread,bull_mean_reversion,28.9615,141.82,15.19,1.21,-9.61,2.141,182,"{""bull_rsi_threshold"": 40.0, ""candidate_index"": 7382, ""entry_slippage_pct"": 0.03, ""exit_dte"": 3, ""exit_slippage_pct"": 0.03, ""family"": ""bull_put_credit_spread"", ""initial_capital"": 100000.0, ""iv_multiplier"": 1.0, ""max_iv"": 0.7, ""max_rv"": 0.6, ""min_iv"": 0.25, ""min_rv"": 0.0, ""option_dte"": 7, ""per_contract_fee"": 1.0, ""put_long_pct"": 0.94, ""put_short_pct"": 0.98, ""risk_fraction"": 0.15, ""risk_free_rate"": 0.04, ""rsi_window"": 3, ""signal"": ""bull_mean_reversion"", ""stop_loss"": 0.45, ""symbol"": ""SPY"", ""take_profit"": 0.35}"
7383,SPY,bull_put_credit_spread,bull_mean_reversion,28.9615,141.82,15.19,1.21,-9.61,2.141,182,"{""bull_rsi_threshold"": 40.0, ""candidate_index"": 7383, ""entry_slippage_pct"": 0.03, ""exit_dte"": 3, ""exit_slippage_pct"": 0.03, ""family"": ""bull_put_credit_spread"", ""initial_capital"": 100000.0, ""iv_multiplier"": 1.0, ""max_iv"": 0.7, ""max_rv"": 0.6, ""min_iv"": 0.25, ""min_rv"": 0.0, ""option_dte"": 7, ""per_contract_fee"": 1.0, ""put_long_pct"": 0.94, ""put_short_pct"": 0.98, ""risk_fraction"": 0.15, ""risk_free_rate"": 0.04, ""rsi_window"": 3, ""signal"": ""bull_mean_reversion"", ""stop_loss"": 0.6, ""symbol"": ""SPY"", ""take_profit"": 0.35}"
6800,SPY,bull_put_credit_spread,bull_mean_reversion,29.5665,136.15,14.75,1.18,-7.75,2.17,166,"{""bull_rsi_threshold"": 35.0, ""candidate_index"": 6800, ""entry_slippage_pct"": 0.03, ""exit_dte"": 3, ""exit_slippage_pct"": 0.03, ""family"": ""bull_put_credit_spread"", ""initial_capital"": 100000.0, ""iv_multiplier"": 1.0, ""max_iv"": 0.45, ""max_rv"": 0.45, ""min_iv"": 0.25, ""min_rv"": 0.0, ""option_dte"": 7, ""per_contract_fee"": 1.0, ""put_long_pct"": 0.94, ""put_short_pct"": 0.98, ""risk_fraction"": 0.15, ""risk_free_rate"": 0.04, ""rsi_window"": 3, ""signal"": ""bull_mean_reversion"", ""stop_loss"": 0.45, ""symbol"": ""SPY"", ""take_profit"": 0.2}"
6801,SPY,bull_put_credit_spread,bull_mean_reversion,29.5665,136.15,14.75,1.18,-7.75,2.17,166,"{""bull_rsi_threshold"": 35.0, ""candidate_index"": 6801, ""entry_slippage_pct"": 0.03, ""exit_dte"": 3, ""exit_slippage_pct"": 0.03, ""family"": ""bull_put_credit_spread"", ""initial_capital"": 100000.0, ""iv_multiplier"": 1.0, ""max_iv"": 0.45, ""max_rv"": 0.45, ""min_iv"": 0.25, ""min_rv"": 0.0, ""option_dte"": 7, ""per_contract_fee"": 1.0, ""put_long_pct"": 0.94, ""put_short_pct"": 0.98, ""risk_fraction"": 0.15, ""risk_free_rate"": 0.04, ""rsi_window"": 3, ""signal"": ""bull_mean_reversion"", ""stop_loss"": 0.6, ""symbol"": ""SPY"", ""take_profit"": 0.2}"
6820,SPY,bull_put_credit_spread,bull_mean_reversion,29.5665,136.15,14.75,1.18,-7.75,2.17,166,"{""bull_rsi_threshold"": 35.0, ""candidate_index"": 6820, ""entry_slippage_pct"": 0.03, ""exit_dte"": 3, ""exit_slippage_pct"": 0.03, ""family"": ""bull_put_credit_spread"", ""initial_capital"": 100000.0, ""iv_multiplier"": 1.0, ""max_iv"": 0.45, ""max_rv"": 0.6, ""min_iv"": 0.25, ""min_rv"": 0.0, ""option_dte"": 7, ""per_contract_fee"": 1.0, ""put_long_pct"": 0.94, ""put_short_pct"": 0.98, ""risk_fraction"": 0.15, ""risk_free_rate"": 0.04, ""rsi_window"": 3, ""signal"": ""bull_mean_reversion"", ""stop_loss"": 0.45, ""symbol"": ""SPY"", ""take_profit"": 0.2}"
6821,SPY,bull_put_credit_spread,bull_mean_reversion,29.5665,136.15,14.75,1.18,-7.75,2.17,166,"{""bull_rsi_threshold"": 35.0, ""candidate_index"": 6821, ""entry_slippage_pct"": 0.03, ""exit_dte"": 3, ""exit_slippage_pct"": 0.03, ""family"": ""bull_put_credit_spread"", ""initial_capital"": 100000.0, ""iv_multiplier"": 1.0, ""max_iv"": 0.45, ""max_rv"": 0.6, ""min_iv"": 0.25, ""min_rv"": 0.0, ""option_dte"": 7, ""per_contract_fee"": 1.0, ""put_long_pct"": 0.94, ""put_short_pct"": 0.98, ""risk_fraction"": 0.15, ""risk_free_rate"": 0.04, ""rsi_window"": 3, ""signal"": ""bull_mean_reversion"", ""stop_loss"": 0.6, ""symbol"": ""SPY"", ""take_profit"": 0.2}"
7280,SPY,bull_put_credit_spread,bull_mean_reversion,29.5665,136.15,14.75,1.18,-7.75,2.17,166,"{""bull_rsi_threshold"": 35.0, ""candidate_index"": 7280, ""entry_slippage_pct"": 0.03, ""exit_dte"": 3, ""exit_slippage_pct"": 0.03, ""family"": ""bull_put_credit_spread"", ""initial_capital"": 100000.0, ""iv_multiplier"": 1.0, ""max_iv"": 0.7, ""max_rv"": 0.45, ""min_iv"": 0.25, ""min_rv"": 0.0, ""option_dte"": 7, ""per_contract_fee"": 1.0, ""put_long_pct"": 0.94, ""put_short_pct"": 0.98, ""risk_fraction"": 0.15, ""risk_free_rate"": 0.04, ""rsi_window"": 3, ""signal"": ""bull_mean_reversion"", ""stop_loss"": 0.45, ""symbol"": ""SPY"", ""take_profit"": 0.2}"
7281,SPY,bull_put_credit_spread,bull_mean_reversion,29.5665,136.15,14.75,1.18,-7.75,2.17,166,"{""bull_rsi_threshold"": 35.0, ""candidate_index"": 7281, ""entry_slippage_pct"": 0.03, ""exit_dte"": 3, ""exit_slippage_pct"": 0.03, ""family"": ""bull_put_credit_spread"", ""initial_capital"": 100000.0, ""iv_multiplier"": 1.0, ""max_iv"": 0.7, ""max_rv"": 0.45, ""min_iv"": 0.25, ""min_rv"": 0.0, ""option_dte"": 7, ""per_contract_fee"": 1.0, ""put_long_pct"": 0.94, ""put_short_pct"": 0.98, ""risk_fraction"": 0.15, ""risk_free_rate"": 0.04, ""rsi_window"": 3, ""signal"": ""bull_mean_reversion"", ""stop_loss"": 0.6, ""symbol"": ""SPY"", ""take_profit"": 0.2}"
7300,SPY,bull_put_credit_spread,bull_mean_reversion,29.5665,136.15,14.75,1.18,-7.75,2.17,166,"{""bull_rsi_threshold"": 35.0, ""candidate_index"": 7300, ""entry_slippage_pct"": 0.03, ""exit_dte"": 3, ""exit_slippage_pct"": 0.03, ""family"": ""bull_put_credit_spread"", ""initial_capital"": 100000.0, ""iv_multiplier"": 1.0, ""max_iv"": 0.7, ""max_rv"": 0.6, ""min_iv"": 0.25, ""min_rv"": 0.0, ""option_dte"": 7, ""per_contract_fee"": 1.0, ""put_long_pct"": 0.94, ""put_short_pct"": 0.98, ""risk_fraction"": 0.15, ""risk_free_rate"": 0.04, ""rsi_window"": 3, ""signal"": ""bull_mean_reversion"", ""stop_loss"": 0.45, ""symbol"": ""SPY"", ""take_profit"": 0.2}"
7301,SPY,bull_put_credit_spread,bull_mean_reversion,29.5665,136.15,14.75,1.18,-7.75,2.17,166,"{""bull_rsi_threshold"": 35.0, ""candidate_index"": 7301, ""entry_slippage_pct"": 0.03, ""exit_dte"": 3, ""exit_slippage_pct"": 0.03, ""family"": ""bull_put_credit_spread"", ""initial_capital"": 100000.0, ""iv_multiplier"": 1.0, ""max_iv"": 0.7, ""max_rv"": 0.6, ""min_iv"": 0.25, ""min_rv"": 0.0, ""option_dte"": 7, ""per_contract_fee"": 1.0, ""put_long_pct"": 0.94, ""put_short_pct"": 0.98, ""risk_fraction"": 0.15, ""risk_free_rate"": 0.04, ""rsi_window"": 3, ""signal"": ""bull_mean_reversion"", ""stop_loss"": 0.6, ""symbol"": ""SPY"", ""take_profit"": 0.2}"
4882,SPY,bull_put_credit_spread,bull_mean_reversion,27.889,124.43,13.82,1.11,-7.42,2.065,164,"{""bull_rsi_threshold"": 35.0, ""candidate_index"": 4882, ""entry_slippage_pct"": 0.03, ""exit_dte"": 1, ""exit_slippage_pct"": 0.03, ""family"": ""bull_put_credit_spread"", ""initial_capital"": 100000.0, ""iv_multiplier"": 1.3, ""max_iv"": 0.45, ""max_rv"": 0.45, ""min_iv"": 0.25, ""min_rv"": 0.0, ""option_dte"": 7, ""per_contract_fee"": 1.0, ""put_long_pct"": 0.94, ""put_short_pct"": 0.98, ""risk_fraction"": 0.15, ""risk_free_rate"": 0.04, ""rsi_window"": 3, ""signal"": ""bull_mean_reversion"", ""stop_loss"": 0.45, ""symbol"": ""SPY"", ""take_profit"": 0.35}"
4883,SPY,bull_put_credit_spread,bull_mean_reversion,27.889,124.43,13.82,1.11,-7.42,2.065,164,"{""bull_rsi_threshold"": 35.0, ""candidate_index"": 4883, ""entry_slippage_pct"": 0.03, ""exit_dte"": 1, ""exit_slippage_pct"": 0.03, ""family"": ""bull_put_credit_spread"", ""initial_capital"": 100000.0, ""iv_multiplier"": 1.3, ""max_iv"": 0.45, ""max_rv"": 0.45, ""min_iv"": 0.25, ""min_rv"": 0.0, ""option_dte"": 7, ""per_contract_fee"": 1.0, ""put_long_pct"": 0.94, ""put_short_pct"": 0.98, ""risk_fraction"": 0.15, ""risk_free_rate"": 0.04, ""rsi_window"": 3, ""signal"": ""bull_mean_reversion"", ""stop_loss"": 0.6, ""symbol"": ""SPY"", ""take_profit"": 0.35}"
4902,SPY,bull_put_credit_spread,bull_mean_reversion,27.889,124.43,13.82,1.11,-7.42,2.065,164,"{""bull_rsi_threshold"": 35.0, ""candidate_index"": 4902, ""entry_slippage_pct"": 0.03, ""exit_dte"": 1, ""exit_slippage_pct"": 0.03, ""family"": ""bull_put_credit_spread"", ""initial_capital"": 100000.0, ""iv_multiplier"": 1.3, ""max_iv"": 0.45, ""max_rv"": 0.6, ""min_iv"": 0.25, ""min_rv"": 0.0, ""option_dte"": 7, ""per_contract_fee"": 1.0, ""put_long_pct"": 0.94, ""put_short_pct"": 0.98, ""risk_fraction"": 0.15, ""risk_free_rate"": 0.04, ""rsi_window"": 3, ""signal"": ""bull_mean_reversion"", ""stop_loss"": 0.45, ""symbol"": ""SPY"", ""take_profit"": 0.35}"
4903,SPY,bull_put_credit_spread,bull_mean_reversion,27.889,124.43,13.82,1.11,-7.42,2.065,164,"{""bull_rsi_threshold"": 35.0, ""candidate_index"": 4903, ""entry_slippage_pct"": 0.03, ""exit_dte"": 1, ""exit_slippage_pct"": 0.03, ""family"": ""bull_put_credit_spread"", ""initial_capital"": 100000.0, ""iv_multiplier"": 1.3, ""max_iv"": 0.45, ""max_rv"": 0.6, ""min_iv"": 0.25, ""min_rv"": 0.0, ""option_dte"": 7, ""per_contract_fee"": 1.0, ""put_long_pct"": 0.94, ""put_short_pct"": 0.98, ""risk_fraction"": 0.15, ""risk_free_rate"": 0.04, ""rsi_window"": 3, ""signal"": ""bull_mean_reversion"", ""stop_loss"": 0.6, ""symbol"": ""SPY"", ""take_profit"": 0.35}"
